<xml xmlns:o="urn:schemas-microsoft-com:office:office">
 <o:MainFile HRef="../Copyright%20Adolfo%20Nakamura.html"/>
 <o:File HRef="image293.png"/>
 <o:File HRef="image294.png"/>
 <o:File HRef="image295.png"/>
 <o:File HRef="image331.jpg"/>
 <o:File HRef="Page298.html"/>
 <o:File HRef="image302.png"/>
 <o:File HRef="image338.gif"/>
 <o:File HRef="Page319.html"/>
 <o:File HRef="image323.png"/>
 <o:File HRef="image340.gif"/>
 <o:File HRef="Page309.html"/>
 <o:File HRef="image313.png"/>
 <o:File HRef="image342.gif"/>
 <o:File HRef="filelist.xml"/>
</xml>